Author,Profile Image,Date (Absolute),Date (Original),Post Link,Likes,Comments,Text,Images (Original),Image Count
온리리온 비밀지점,https://yt3.googleusercontent.com/PadAE7-CoLtyyLKTdk8exebQ3UPWZtjz_elHLUFDWCGtWMNV1_dBxzCuJ1rWwTc06_f_CYzDrg=s0,2026-06-08 00:22:31,6시간 전(수정됨),https://www.youtube.com/post/UgkxlnBYGARqcmo6wzPiJwX9w3wL0VCL1sbq,2,2,이제야 밝혀진 리온의 정체,https://yt3.ggpht.com/HLasvXLB5AQJQicqT5Qn8IrSh8vy18Ttvl4HFMBav9eKIzh95CQKGhFFbIrPOTaa44gayHsQm7aJm18=s0,1
토게의 팬텀퍼레이드 생활,https://yt3.googleusercontent.com/xqWSRg0zOx6oXwJ1Lo1BGqWewPErjQbQcLPo3dnPMzUI9WLPeHi5xKvtRHaWXGCM07Vd42rB2g=s0,2026-06-07 15:40:14,15시간 전,https://www.youtube.com/post/UgkxUop3mWyzZyhAx9me792kjhK_GDzVkKZe,3,2,지옥같은 여기서 꺼내주세요,https://yt3.ggpht.com/uEKKPxGHgqK1Kkn-ffTrfQpq5FdubCHiocxOvnFTyt-vHJIjCLYNiH3E8eUdY4k3pOb_krOPB1ErPA=s0,5
토게의 팬텀퍼레이드 생활,https://yt3.googleusercontent.com/xqWSRg0zOx6oXwJ1Lo1BGqWewPErjQbQcLPo3dnPMzUI9WLPeHi5xKvtRHaWXGCM07Vd42rB2g=s0,2026-06-07 15:40:14,15시간 전,https://www.youtube.com/post/UgkxUop3mWyzZyhAx9me792kjhK_GDzVkKZe,3,2,지옥같은 여기서 꺼내주세요,https://yt3.ggpht.com/Qkg2XX__to36uS9H1w12XqYYU7QrMhBgxRB_KbWgJY_JZIFWmaKyntHT1XY7byEsfcrNactnaR4h8Q=s0,5
토게의 팬텀퍼레이드 생활,https://yt3.googleusercontent.com/xqWSRg0zOx6oXwJ1Lo1BGqWewPErjQbQcLPo3dnPMzUI9WLPeHi5xKvtRHaWXGCM07Vd42rB2g=s0,2026-06-07 15:40:14,15시간 전,https://www.youtube.com/post/UgkxUop3mWyzZyhAx9me792kjhK_GDzVkKZe,3,2,지옥같은 여기서 꺼내주세요,https://yt3.ggpht.com/0EqGpyUGspeJct10se3-KZ3fyqC_7IRWY3cRJuhcAPxmA4vyoUE8bDbdDW3-k7aUeO76tSELaEhSb08=s0,5
토게의 팬텀퍼레이드 생활,https://yt3.googleusercontent.com/xqWSRg0zOx6oXwJ1Lo1BGqWewPErjQbQcLPo3dnPMzUI9WLPeHi5xKvtRHaWXGCM07Vd42rB2g=s0,2026-06-07 15:40:14,15시간 전,https://www.youtube.com/post/UgkxUop3mWyzZyhAx9me792kjhK_GDzVkKZe,3,2,지옥같은 여기서 꺼내주세요,https://yt3.ggpht.com/2VEPtT-P9qdOXqn27a1FaYe1W_Ey_caLbBDPyUKNco5uS4hU9YFS9R0HMRqftl_eaJcE8qXvIvzL=s0,5
짱킹갓존재,https://yt3.googleusercontent.com/IfbNPAwousNx1zo1l9h2fAsI3j4GZgywRQSJAoHI03Ia75dMCiYV8unQOpSeds2DOsSL_OJWqw=s0,2026-06-07 14:51:29,16시간 전,https://www.youtube.com/post/UgkxuquQmpn2kEKVRf8VA9gh30p7qbZJmD3j,3,1,추천 잘했다(?),https://yt3.ggpht.com/gIMKstlAIVDmCGv5uWm5WLWtCmAbXFLfSZ5jVG8V3dkqhdTMOFYoaXvcrUNQN_3EFKwkUOyuRlef=s0,1
카노,https://yt3.googleusercontent.com/nQ5VrMdOVG8uTxVQ70uu9TWVl9NzftA5DQSWDBPfC0hmlu5jQgI45vq8fg5dh_yxlgPog6LJLQ=s0,2026-06-07 14:48:08,16시간 전,https://www.youtube.com/post/Ugkx3OCZQc2TI43VCXywfsdR-LAL0E6zlGrY,2,1,주인장 찾아요,https://yt3.ggpht.com/Pmb2fhIc7Ck1Np2rAonwn4FIS0NVKY-PgfoXBQOpBj11SdtYkwPVhtZIIOvQ9TFUSns7ajP5oU3b7g=s0,1
카노,https://yt3.googleusercontent.com/nQ5VrMdOVG8uTxVQ70uu9TWVl9NzftA5DQSWDBPfC0hmlu5jQgI45vq8fg5dh_yxlgPog6LJLQ=s0,2026-06-07 14:37:28,16시간 전(수정됨),https://www.youtube.com/post/Ugkx23OZeuNBdhwuwA5Rrv3S9n1XoQZZh4Y9,2,1,5만원 짜리 볼작(수정),https://yt3.ggpht.com/euR3FNpF9wDRFnjodryf7NKzZaiRXdPE3LYc38Rq-8ysAgyjGM8Ra3pPteOfxfM1VXvBJrYNCqfLi5M=s0,1
카노,https://yt3.googleusercontent.com/nQ5VrMdOVG8uTxVQ70uu9TWVl9NzftA5DQSWDBPfC0hmlu5jQgI45vq8fg5dh_yxlgPog6LJLQ=s0,2026-06-07 14:33:25,16시간 전,https://www.youtube.com/post/Ugkx7eQWKPt5LOKsdbM4l62tNDvUYZTG8IYg,2,1,,https://yt3.ggpht.com/zrhOosvBe2OjPaPWrv6w3khJjApttF7Qgqs7uI2XM8vngbu1zD60coo7tcfuXS0w1UBlHaWD328goA0=s0,2
카노,https://yt3.googleusercontent.com/nQ5VrMdOVG8uTxVQ70uu9TWVl9NzftA5DQSWDBPfC0hmlu5jQgI45vq8fg5dh_yxlgPog6LJLQ=s0,2026-06-07 14:33:25,16시간 전,https://www.youtube.com/post/Ugkx7eQWKPt5LOKsdbM4l62tNDvUYZTG8IYg,2,1,,https://yt3.ggpht.com/qeumCj6pUz9e7UgAS_P6d-swPdlDptXHoW8vRWH2k0spAS_LJHy8YwAfvYojG4XpFzgymVojcwP8=s0,2
카노,https://yt3.googleusercontent.com/nQ5VrMdOVG8uTxVQ70uu9TWVl9NzftA5DQSWDBPfC0hmlu5jQgI45vq8fg5dh_yxlgPog6LJLQ=s0,2026-06-07 14:30:13,16시간 전,https://www.youtube.com/post/UgkxJqvuDfcv4x2xArRfXhVBZKwPIoc_u9st,2,1,어흐,https://yt3.ggpht.com/PFp_2XtxhjuYSm5vMt5G00ZNmwUzkylWOX6AiA5-4lmxk3FA6U1km8imFC48qrKzJsvv9az0e9D9Eg=s0,6
카노,https://yt3.googleusercontent.com/nQ5VrMdOVG8uTxVQ70uu9TWVl9NzftA5DQSWDBPfC0hmlu5jQgI45vq8fg5dh_yxlgPog6LJLQ=s0,2026-06-07 14:30:13,16시간 전,https://www.youtube.com/post/UgkxJqvuDfcv4x2xArRfXhVBZKwPIoc_u9st,2,1,어흐,https://yt3.ggpht.com/70dssBcEUmAu4xzOgbs6_hNFXa88MQFLlfgZ8cNLHTNTqE38A7s2Rdh26ZNOPOU-gOIlL-_xSuDDvw=s0,6
카노,https://yt3.googleusercontent.com/nQ5VrMdOVG8uTxVQ70uu9TWVl9NzftA5DQSWDBPfC0hmlu5jQgI45vq8fg5dh_yxlgPog6LJLQ=s0,2026-06-07 14:30:13,16시간 전,https://www.youtube.com/post/UgkxJqvuDfcv4x2xArRfXhVBZKwPIoc_u9st,2,1,어흐,https://yt3.ggpht.com/W_iH9Kv5BEAWI3HhojwPK2pL7ODunwZ86TW5eO8VtRJ5gUH2F1jthU7KW7-pONnEOkFziRDuI7VPzX4=s0,6
